,index,entity_id,event_type,event,time,pathway,run_number,timestamp,resource_id,rank,snapshot_time
0,2,1,resource_use,start_treatment,0.0,,,,1.0,1.0,0
1,2,1,resource_use,start_treatment,0.0,,,,1.0,1.0,1
2,2,1,resource_use,start_treatment,0.0,,,,1.0,1.0,2
3,2,1,resource_use,start_treatment,0.0,,,,1.0,1.0,3
4,2,1,resource_use,start_treatment,0.0,,,,1.0,1.0,4
5,2,1,resource_use,depart,0.0,,,,1.0,1.0,5
6,7,2,resource_use,start_treatment,4.949905957768471,,,,1.0,1.0,5
7,7,2,resource_use,start_treatment,4.949905957768471,,,,1.0,1.0,6
8,7,2,resource_use,start_treatment,4.949905957768471,,,,1.0,1.0,7
9,7,2,resource_use,start_treatment,4.949905957768471,,,,1.0,1.0,8
10,7,2,resource_use,start_treatment,4.949905957768471,,,,1.0,1.0,9
11,7,2,resource_use,start_treatment,4.949905957768471,,,,1.0,1.0,10
12,9,3,queue,wait_here,9.5779392076805,,,,,1.0,10
13,11,4,queue,wait_here,9.750814007077253,,,,,2.0,10
14,7,2,resource_use,start_treatment,4.949905957768471,,,,1.0,1.0,11
15,9,3,queue,wait_here,9.5779392076805,,,,,1.0,11
16,11,4,queue,wait_here,9.750814007077253,,,,,2.0,11
17,7,2,resource_use,start_treatment,4.949905957768471,,,,1.0,1.0,12
18,9,3,queue,wait_here,9.5779392076805,,,,,1.0,12
19,11,4,queue,wait_here,9.750814007077253,,,,,2.0,12
20,7,2,resource_use,depart,4.949905957768471,,,,1.0,1.0,13
21,14,3,resource_use,start_treatment,12.226218219302746,,,,1.0,1.0,13
22,11,4,queue,wait_here,9.750814007077253,,,,,1.0,13
23,16,5,queue,wait_here,12.656135038489554,,,,,2.0,13
24,14,3,resource_use,start_treatment,12.226218219302746,,,,1.0,1.0,14
25,11,4,queue,wait_here,9.750814007077253,,,,,1.0,14
26,16,5,queue,wait_here,12.656135038489554,,,,,2.0,14
27,14,3,resource_use,start_treatment,12.226218219302746,,,,1.0,1.0,15
28,11,4,queue,wait_here,9.750814007077253,,,,,1.0,15
29,16,5,queue,wait_here,12.656135038489554,,,,,2.0,15
30,14,3,resource_use,start_treatment,12.226218219302746,,,,1.0,1.0,16
31,11,4,queue,wait_here,9.750814007077253,,,,,1.0,16
32,16,5,queue,wait_here,12.656135038489554,,,,,2.0,16
33,14,3,resource_use,start_treatment,12.226218219302746,,,,1.0,1.0,17
34,11,4,queue,wait_here,9.750814007077253,,,,,1.0,17
35,16,5,queue,wait_here,12.656135038489554,,,,,2.0,17
36,14,3,resource_use,start_treatment,12.226218219302746,,,,1.0,1.0,18
37,11,4,queue,wait_here,9.750814007077253,,,,,1.0,18
38,16,5,queue,wait_here,12.656135038489554,,,,,2.0,18
39,14,3,resource_use,start_treatment,12.226218219302746,,,,1.0,1.0,19
40,11,4,queue,wait_here,9.750814007077253,,,,,1.0,19
41,16,5,queue,wait_here,12.656135038489554,,,,,2.0,19
42,18,6,queue,wait_here,18.90472695158855,,,,,3.0,19
43,14,3,resource_use,start_treatment,12.226218219302746,,,,1.0,1.0,20
44,11,4,queue,wait_here,9.750814007077253,,,,,1.0,20
45,16,5,queue,wait_here,12.656135038489554,,,,,2.0,20
46,18,6,queue,wait_here,18.90472695158855,,,,,3.0,20
47,20,7,queue,wait_here,19.06331534595557,,,,,4.0,20
48,14,3,resource_use,depart,12.226218219302746,,,,1.0,1.0,21
49,23,4,resource_use,start_treatment,20.076475537215924,,,,1.0,1.0,21
50,16,5,queue,wait_here,12.656135038489554,,,,,1.0,21
51,18,6,queue,wait_here,18.90472695158855,,,,,2.0,21
52,20,7,queue,wait_here,19.06331534595557,,,,,3.0,21
53,23,4,resource_use,start_treatment,20.076475537215924,,,,1.0,1.0,22
54,16,5,queue,wait_here,12.656135038489554,,,,,1.0,22
55,18,6,queue,wait_here,18.90472695158855,,,,,2.0,22
56,20,7,queue,wait_here,19.06331534595557,,,,,3.0,22
57,25,8,queue,wait_here,21.156437039041897,,,,,4.0,22
58,23,4,resource_use,start_treatment,20.076475537215924,,,,1.0,1.0,23
59,16,5,queue,wait_here,12.656135038489554,,,,,1.0,23
60,18,6,queue,wait_here,18.90472695158855,,,,,2.0,23
61,20,7,queue,wait_here,19.06331534595557,,,,,3.0,23
62,25,8,queue,wait_here,21.156437039041897,,,,,4.0,23
63,23,4,resource_use,start_treatment,20.076475537215924,,,,1.0,1.0,24
64,16,5,queue,wait_here,12.656135038489554,,,,,1.0,24
65,18,6,queue,wait_here,18.90472695158855,,,,,2.0,24
66,20,7,queue,wait_here,19.06331534595557,,,,,3.0,24
67,25,8,queue,wait_here,21.156437039041897,,,,,4.0,24
68,27,9,queue,wait_here,23.334484295089815,,,,,5.0,24
69,23,4,resource_use,depart,20.076475537215924,,,,1.0,1.0,25
70,30,5,resource_use,start_treatment,24.413657755309153,,,,1.0,1.0,25
71,18,6,queue,wait_here,18.90472695158855,,,,,1.0,25
72,20,7,queue,wait_here,19.06331534595557,,,,,2.0,25
73,25,8,queue,wait_here,21.156437039041897,,,,,3.0,25
74,27,9,queue,wait_here,23.334484295089815,,,,,4.0,25
75,30,5,resource_use,start_treatment,24.413657755309153,,,,1.0,1.0,26
76,18,6,queue,wait_here,18.90472695158855,,,,,1.0,26
77,20,7,queue,wait_here,19.06331534595557,,,,,2.0,26
78,25,8,queue,wait_here,21.156437039041897,,,,,3.0,26
79,27,9,queue,wait_here,23.334484295089815,,,,,4.0,26
80,30,5,resource_use,start_treatment,24.413657755309153,,,,1.0,1.0,27
81,18,6,queue,wait_here,18.90472695158855,,,,,1.0,27
82,20,7,queue,wait_here,19.06331534595557,,,,,2.0,27
83,25,8,queue,wait_here,21.156437039041897,,,,,3.0,27
84,27,9,queue,wait_here,23.334484295089815,,,,,4.0,27
85,32,10,queue,wait_here,26.79713900085743,,,,,5.0,27
86,30,5,resource_use,start_treatment,24.413657755309153,,,,1.0,1.0,28
87,18,6,queue,wait_here,18.90472695158855,,,,,1.0,28
88,20,7,queue,wait_here,19.06331534595557,,,,,2.0,28
89,25,8,queue,wait_here,21.156437039041897,,,,,3.0,28
90,27,9,queue,wait_here,23.334484295089815,,,,,4.0,28
91,32,10,queue,wait_here,26.79713900085743,,,,,5.0,28
92,30,5,resource_use,start_treatment,24.413657755309153,,,,1.0,1.0,29
93,18,6,queue,wait_here,18.90472695158855,,,,,1.0,29
94,20,7,queue,wait_here,19.06331534595557,,,,,2.0,29
95,25,8,queue,wait_here,21.156437039041897,,,,,3.0,29
96,27,9,queue,wait_here,23.334484295089815,,,,,4.0,29
97,32,10,queue,wait_here,26.79713900085743,,,,,5.0,29
98,30,5,resource_use,start_treatment,24.413657755309153,,,,1.0,1.0,30
99,18,6,queue,wait_here,18.90472695158855,,,,,1.0,30
100,20,7,queue,wait_here,19.06331534595557,,,,,2.0,30
101,25,8,queue,wait_here,21.156437039041897,,,,,3.0,30
102,27,9,queue,wait_here,23.334484295089815,,,,,4.0,30
103,32,10,queue,wait_here,26.79713900085743,,,,,5.0,30
104,34,11,queue,wait_here,29.260310326180576,,,,,6.0,30
105,36,12,queue,wait_here,29.56785683383303,,,,,7.0,30
106,38,13,queue,wait_here,29.751011368613412,,,,,8.0,30
107,30,5,resource_use,start_treatment,24.413657755309153,,,,1.0,1.0,31
108,18,6,queue,wait_here,18.90472695158855,,,,,1.0,31
109,20,7,queue,wait_here,19.06331534595557,,,,,2.0,31
110,25,8,queue,wait_here,21.156437039041897,,,,,3.0,31
111,27,9,queue,wait_here,23.334484295089815,,,,,4.0,31
112,32,10,queue,wait_here,26.79713900085743,,,,,5.0,31
113,34,11,queue,wait_here,29.260310326180576,,,,,6.0,31
114,36,12,queue,wait_here,29.56785683383303,,,,,7.0,31
115,38,13,queue,wait_here,29.751011368613412,,,,,8.0,31
116,40,14,queue,wait_here,30.381369772878198,,,,,9.0,31
117,30,5,resource_use,start_treatment,24.413657755309153,,,,1.0,1.0,32
118,18,6,queue,wait_here,18.90472695158855,,,,,1.0,32
119,20,7,queue,wait_here,19.06331534595557,,,,,2.0,32
120,25,8,queue,wait_here,21.156437039041897,,,,,3.0,32
121,27,9,queue,wait_here,23.334484295089815,,,,,4.0,32
122,32,10,queue,wait_here,26.79713900085743,,,,,5.0,32
123,34,11,queue,wait_here,29.260310326180576,,,,,6.0,32
124,36,12,queue,wait_here,29.56785683383303,,,,,7.0,32
125,38,13,queue,wait_here,29.751011368613412,,,,,8.0,32
126,40,14,queue,wait_here,30.381369772878198,,,,,9.0,32
127,30,5,resource_use,depart,24.413657755309153,,,,1.0,1.0,33
128,45,6,resource_use,start_treatment,32.818512274746624,,,,1.0,1.0,33
129,20,7,queue,wait_here,19.06331534595557,,,,,1.0,33
130,25,8,queue,wait_here,21.156437039041897,,,,,2.0,33
131,27,9,queue,wait_here,23.334484295089815,,,,,3.0,33
132,32,10,queue,wait_here,26.79713900085743,,,,,4.0,33
133,34,11,queue,wait_here,29.260310326180576,,,,,5.0,33
134,36,12,queue,wait_here,29.56785683383303,,,,,6.0,33
135,38,13,queue,wait_here,29.751011368613412,,,,,7.0,33
136,40,14,queue,wait_here,30.381369772878198,,,,,8.0,33
137,42,15,queue,wait_here,32.183768323618516,,,,,9.0,33
138,45,6,resource_use,start_treatment,32.818512274746624,,,,1.0,1.0,34
139,20,7,queue,wait_here,19.06331534595557,,,,,1.0,34
140,25,8,queue,wait_here,21.156437039041897,,,,,2.0,34
141,27,9,queue,wait_here,23.334484295089815,,,,,3.0,34
142,32,10,queue,wait_here,26.79713900085743,,,,,4.0,34
143,34,11,queue,wait_here,29.260310326180576,,,,,5.0,34
144,36,12,queue,wait_here,29.56785683383303,,,,,6.0,34
145,38,13,queue,wait_here,29.751011368613412,,,,,7.0,34
146,40,14,queue,wait_here,30.381369772878198,,,,,8.0,34
147,42,15,queue,wait_here,32.183768323618516,,,,,9.0,34
148,47,16,queue,wait_here,33.009738983095495,,,,,10.0,34
149,49,17,queue,wait_here,33.45689172752014,,,,,11.0,34
150,45,6,resource_use,start_treatment,32.818512274746624,,,,1.0,1.0,35
151,20,7,queue,wait_here,19.06331534595557,,,,,1.0,35
152,25,8,queue,wait_here,21.156437039041897,,,,,2.0,35
153,27,9,queue,wait_here,23.334484295089815,,,,,3.0,35
154,32,10,queue,wait_here,26.79713900085743,,,,,4.0,35
155,34,11,queue,wait_here,29.260310326180576,,,,,5.0,35
156,36,12,queue,wait_here,29.56785683383303,,,,,6.0,35
157,38,13,queue,wait_here,29.751011368613412,,,,,7.0,35
158,40,14,queue,wait_here,30.381369772878198,,,,,8.0,35
159,42,15,queue,wait_here,32.183768323618516,,,,,9.0,35
160,47,16,queue,wait_here,33.009738983095495,,,,,10.0,35
161,49,17,queue,wait_here,33.45689172752014,,,,,11.0,35
162,45,6,resource_use,start_treatment,32.818512274746624,,,,1.0,1.0,36
163,20,7,queue,wait_here,19.06331534595557,,,,,1.0,36
164,25,8,queue,wait_here,21.156437039041897,,,,,2.0,36
165,27,9,queue,wait_here,23.334484295089815,,,,,3.0,36
166,32,10,queue,wait_here,26.79713900085743,,,,,4.0,36
167,34,11,queue,wait_here,29.260310326180576,,,,,5.0,36
168,36,12,queue,wait_here,29.56785683383303,,,,,6.0,36
169,38,13,queue,wait_here,29.751011368613412,,,,,7.0,36
170,40,14,queue,wait_here,30.381369772878198,,,,,8.0,36
171,42,15,queue,wait_here,32.183768323618516,,,,,9.0,36
172,47,16,queue,wait_here,33.009738983095495,,,,,10.0,36
173,49,17,queue,wait_here,33.45689172752014,,,,,11.0,36
174,45,6,resource_use,start_treatment,32.818512274746624,,,,1.0,1.0,37
175,20,7,queue,wait_here,19.06331534595557,,,,,1.0,37
176,25,8,queue,wait_here,21.156437039041897,,,,,2.0,37
177,27,9,queue,wait_here,23.334484295089815,,,,,3.0,37
178,32,10,queue,wait_here,26.79713900085743,,,,,4.0,37
179,34,11,queue,wait_here,29.260310326180576,,,,,5.0,37
180,36,12,queue,wait_here,29.56785683383303,,,,,6.0,37
181,38,13,queue,wait_here,29.751011368613412,,,,,7.0,37
182,40,14,queue,wait_here,30.381369772878198,,,,,8.0,37
183,42,15,queue,wait_here,32.183768323618516,,,,,9.0,37
184,47,16,queue,wait_here,33.009738983095495,,,,,10.0,37
185,49,17,queue,wait_here,33.45689172752014,,,,,11.0,37
186,45,6,resource_use,start_treatment,32.818512274746624,,,,1.0,1.0,38
187,20,7,queue,wait_here,19.06331534595557,,,,,1.0,38
188,25,8,queue,wait_here,21.156437039041897,,,,,2.0,38
189,27,9,queue,wait_here,23.334484295089815,,,,,3.0,38
190,32,10,queue,wait_here,26.79713900085743,,,,,4.0,38
191,34,11,queue,wait_here,29.260310326180576,,,,,5.0,38
192,36,12,queue,wait_here,29.56785683383303,,,,,6.0,38
193,38,13,queue,wait_here,29.751011368613412,,,,,7.0,38
194,40,14,queue,wait_here,30.381369772878198,,,,,8.0,38
195,42,15,queue,wait_here,32.183768323618516,,,,,9.0,38
196,47,16,queue,wait_here,33.009738983095495,,,,,10.0,38
197,49,17,queue,wait_here,33.45689172752014,,,,,11.0,38
198,51,18,queue,wait_here,37.13283225580906,,,,,12.0,38
199,45,6,resource_use,start_treatment,32.818512274746624,,,,1.0,1.0,39
200,20,7,queue,wait_here,19.06331534595557,,,,,1.0,39
201,25,8,queue,wait_here,21.156437039041897,,,,,2.0,39
202,27,9,queue,wait_here,23.334484295089815,,,,,3.0,39
203,32,10,queue,wait_here,26.79713900085743,,,,,4.0,39
204,34,11,queue,wait_here,29.260310326180576,,,,,5.0,39
205,36,12,queue,wait_here,29.56785683383303,,,,,6.0,39
206,38,13,queue,wait_here,29.751011368613412,,,,,7.0,39
207,40,14,queue,wait_here,30.381369772878198,,,,,8.0,39
208,42,15,queue,wait_here,32.183768323618516,,,,,9.0,39
209,47,16,queue,wait_here,33.009738983095495,,,,,10.0,39
210,49,17,queue,wait_here,33.45689172752014,,,,,11.0,39
211,51,18,queue,wait_here,37.13283225580906,,,,,12.0,39
212,45,6,resource_use,start_treatment,32.818512274746624,,,,1.0,1.0,40
213,20,7,queue,wait_here,19.06331534595557,,,,,1.0,40
214,25,8,queue,wait_here,21.156437039041897,,,,,2.0,40
215,27,9,queue,wait_here,23.334484295089815,,,,,3.0,40
216,32,10,queue,wait_here,26.79713900085743,,,,,4.0,40
217,34,11,queue,wait_here,29.260310326180576,,,,,5.0,40
218,36,12,queue,wait_here,29.56785683383303,,,,,6.0,40
219,38,13,queue,wait_here,29.751011368613412,,,,,7.0,40
220,40,14,queue,wait_here,30.381369772878198,,,,,8.0,40
221,42,15,queue,wait_here,32.183768323618516,,,,,9.0,40
222,47,16,queue,wait_here,33.009738983095495,,,,,10.0,40
223,49,17,queue,wait_here,33.45689172752014,,,,,11.0,40
224,51,18,queue,wait_here,37.13283225580906,,,,,12.0,40
225,53,19,queue,wait_here,39.58700398223758,,,,,13.0,40
226,45,6,resource_use,depart,32.818512274746624,,,,1.0,1.0,41
227,56,7,resource_use,start_treatment,40.64130193551499,,,,1.0,1.0,41
228,25,8,queue,wait_here,21.156437039041897,,,,,1.0,41
229,27,9,queue,wait_here,23.334484295089815,,,,,2.0,41
230,32,10,queue,wait_here,26.79713900085743,,,,,3.0,41
231,34,11,queue,wait_here,29.260310326180576,,,,,4.0,41
232,36,12,queue,wait_here,29.56785683383303,,,,,5.0,41
233,38,13,queue,wait_here,29.751011368613412,,,,,6.0,41
234,40,14,queue,wait_here,30.381369772878198,,,,,7.0,41
235,42,15,queue,wait_here,32.183768323618516,,,,,8.0,41
236,47,16,queue,wait_here,33.009738983095495,,,,,9.0,41
237,49,17,queue,wait_here,33.45689172752014,,,,,10.0,41
238,51,18,queue,wait_here,37.13283225580906,,,,,11.0,41
239,53,19,queue,wait_here,39.58700398223758,,,,,12.0,41
240,58,20,queue,wait_here,40.89859629016358,,,,,13.0,41
241,56,7,resource_use,start_treatment,40.64130193551499,,,,1.0,1.0,42
242,25,8,queue,wait_here,21.156437039041897,,,,,1.0,42
243,27,9,queue,wait_here,23.334484295089815,,,,,2.0,42
244,32,10,queue,wait_here,26.79713900085743,,,,,3.0,42
245,34,11,queue,wait_here,29.260310326180576,,,,,4.0,42
246,36,12,queue,wait_here,29.56785683383303,,,,,5.0,42
247,38,13,queue,wait_here,29.751011368613412,,,,,6.0,42
248,40,14,queue,wait_here,30.381369772878198,,,,,7.0,42
249,42,15,queue,wait_here,32.183768323618516,,,,,8.0,42
250,47,16,queue,wait_here,33.009738983095495,,,,,9.0,42
251,49,17,queue,wait_here,33.45689172752014,,,,,10.0,42
252,51,18,queue,wait_here,37.13283225580906,,,,,11.0,42
253,53,19,queue,wait_here,39.58700398223758,,,,,12.0,42
254,58,20,queue,wait_here,40.89859629016358,,,,,13.0,42
255,60,21,queue,wait_here,41.80523566876011,,,,,14.0,42
256,62,22,queue,wait_here,41.95938996287142,,,,,15.0,42
257,56,7,resource_use,start_treatment,40.64130193551499,,,,1.0,1.0,43
258,25,8,queue,wait_here,21.156437039041897,,,,,1.0,43
259,27,9,queue,wait_here,23.334484295089815,,,,,2.0,43
260,32,10,queue,wait_here,26.79713900085743,,,,,3.0,43
261,34,11,queue,wait_here,29.260310326180576,,,,,4.0,43
262,36,12,queue,wait_here,29.56785683383303,,,,,5.0,43
263,38,13,queue,wait_here,29.751011368613412,,,,,6.0,43
264,40,14,queue,wait_here,30.381369772878198,,,,,7.0,43
265,42,15,queue,wait_here,32.183768323618516,,,,,8.0,43
266,47,16,queue,wait_here,33.009738983095495,,,,,9.0,43
267,49,17,queue,wait_here,33.45689172752014,,,,,10.0,43
268,51,18,queue,wait_here,37.13283225580906,,,,,11.0,43
269,53,19,queue,wait_here,39.58700398223758,,,,,12.0,43
270,58,20,queue,wait_here,40.89859629016358,,,,,13.0,43
271,60,21,queue,wait_here,41.80523566876011,,,,,14.0,43
272,62,22,queue,wait_here,41.95938996287142,,,,,15.0,43
273,64,23,queue,wait_here,42.318654471620526,,,,,16.0,43
274,56,7,resource_use,depart,40.64130193551499,,,,1.0,1.0,44
275,67,8,resource_use,start_treatment,43.393050306182694,,,,1.0,1.0,44
276,27,9,queue,wait_here,23.334484295089815,,,,,1.0,44
277,32,10,queue,wait_here,26.79713900085743,,,,,2.0,44
278,34,11,queue,wait_here,29.260310326180576,,,,,3.0,44
279,36,12,queue,wait_here,29.56785683383303,,,,,4.0,44
280,38,13,queue,wait_here,29.751011368613412,,,,,5.0,44
281,40,14,queue,wait_here,30.381369772878198,,,,,6.0,44
282,42,15,queue,wait_here,32.183768323618516,,,,,7.0,44
283,47,16,queue,wait_here,33.009738983095495,,,,,8.0,44
284,49,17,queue,wait_here,33.45689172752014,,,,,9.0,44
285,51,18,queue,wait_here,37.13283225580906,,,,,10.0,44
286,53,19,queue,wait_here,39.58700398223758,,,,,11.0,44
287,58,20,queue,wait_here,40.89859629016358,,,,,12.0,44
288,60,21,queue,wait_here,41.80523566876011,,,,,13.0,44
289,62,22,queue,wait_here,41.95938996287142,,,,,14.0,44
290,64,23,queue,wait_here,42.318654471620526,,,,,15.0,44
291,69,24,queue,wait_here,43.68929537482903,,,,,16.0,44
292,67,8,resource_use,start_treatment,43.393050306182694,,,,1.0,1.0,45
293,27,9,queue,wait_here,23.334484295089815,,,,,1.0,45
294,32,10,queue,wait_here,26.79713900085743,,,,,2.0,45
295,34,11,queue,wait_here,29.260310326180576,,,,,3.0,45
296,36,12,queue,wait_here,29.56785683383303,,,,,4.0,45
297,38,13,queue,wait_here,29.751011368613412,,,,,5.0,45
298,40,14,queue,wait_here,30.381369772878198,,,,,6.0,45
299,42,15,queue,wait_here,32.183768323618516,,,,,7.0,45
300,47,16,queue,wait_here,33.009738983095495,,,,,8.0,45
301,49,17,queue,wait_here,33.45689172752014,,,,,9.0,45
302,51,18,queue,wait_here,37.13283225580906,,,,,10.0,45
303,53,19,queue,wait_here,39.58700398223758,,,,,11.0,45
304,58,20,queue,wait_here,40.89859629016358,,,,,12.0,45
305,60,21,queue,wait_here,41.80523566876011,,,,,13.0,45
306,62,22,queue,wait_here,41.95938996287142,,,,,14.0,45
307,64,23,queue,wait_here,42.318654471620526,,,,,15.0,45
308,69,24,queue,wait_here,43.68929537482903,,,,,16.0,45
309,67,8,resource_use,start_treatment,43.393050306182694,,,,1.0,1.0,46
310,27,9,queue,wait_here,23.334484295089815,,,,,1.0,46
311,32,10,queue,wait_here,26.79713900085743,,,,,2.0,46
312,34,11,queue,wait_here,29.260310326180576,,,,,3.0,46
313,36,12,queue,wait_here,29.56785683383303,,,,,4.0,46
314,38,13,queue,wait_here,29.751011368613412,,,,,5.0,46
315,40,14,queue,wait_here,30.381369772878198,,,,,6.0,46
316,42,15,queue,wait_here,32.183768323618516,,,,,7.0,46
317,47,16,queue,wait_here,33.009738983095495,,,,,8.0,46
318,49,17,queue,wait_here,33.45689172752014,,,,,9.0,46
319,51,18,queue,wait_here,37.13283225580906,,,,,10.0,46
320,53,19,queue,wait_here,39.58700398223758,,,,,11.0,46
321,58,20,queue,wait_here,40.89859629016358,,,,,12.0,46
322,60,21,queue,wait_here,41.80523566876011,,,,,13.0,46
323,62,22,queue,wait_here,41.95938996287142,,,,,14.0,46
324,64,23,queue,wait_here,42.318654471620526,,,,,15.0,46
325,69,24,queue,wait_here,43.68929537482903,,,,,16.0,46
326,67,8,resource_use,start_treatment,43.393050306182694,,,,1.0,1.0,47
327,27,9,queue,wait_here,23.334484295089815,,,,,1.0,47
328,32,10,queue,wait_here,26.79713900085743,,,,,2.0,47
329,34,11,queue,wait_here,29.260310326180576,,,,,3.0,47
330,36,12,queue,wait_here,29.56785683383303,,,,,4.0,47
331,38,13,queue,wait_here,29.751011368613412,,,,,5.0,47
332,40,14,queue,wait_here,30.381369772878198,,,,,6.0,47
333,42,15,queue,wait_here,32.183768323618516,,,,,7.0,47
334,47,16,queue,wait_here,33.009738983095495,,,,,8.0,47
335,49,17,queue,wait_here,33.45689172752014,,,,,9.0,47
336,51,18,queue,wait_here,37.13283225580906,,,,,10.0,47
337,53,19,queue,wait_here,39.58700398223758,,,,,11.0,47
338,58,20,queue,wait_here,40.89859629016358,,,,,12.0,47
339,60,21,queue,wait_here,41.80523566876011,,,,,13.0,47
340,62,22,queue,wait_here,41.95938996287142,,,,,14.0,47
341,64,23,queue,wait_here,42.318654471620526,,,,,15.0,47
342,69,24,queue,wait_here,43.68929537482903,,,,,16.0,47
343,71,25,queue,wait_here,46.21770908995924,,,,,17.0,47
344,67,8,resource_use,start_treatment,43.393050306182694,,,,1.0,1.0,48
345,27,9,queue,wait_here,23.334484295089815,,,,,1.0,48
346,32,10,queue,wait_here,26.79713900085743,,,,,2.0,48
347,34,11,queue,wait_here,29.260310326180576,,,,,3.0,48
348,36,12,queue,wait_here,29.56785683383303,,,,,4.0,48
349,38,13,queue,wait_here,29.751011368613412,,,,,5.0,48
350,40,14,queue,wait_here,30.381369772878198,,,,,6.0,48
351,42,15,queue,wait_here,32.183768323618516,,,,,7.0,48
352,47,16,queue,wait_here,33.009738983095495,,,,,8.0,48
353,49,17,queue,wait_here,33.45689172752014,,,,,9.0,48
354,51,18,queue,wait_here,37.13283225580906,,,,,10.0,48
355,53,19,queue,wait_here,39.58700398223758,,,,,11.0,48
356,58,20,queue,wait_here,40.89859629016358,,,,,12.0,48
357,60,21,queue,wait_here,41.80523566876011,,,,,13.0,48
358,62,22,queue,wait_here,41.95938996287142,,,,,14.0,48
359,64,23,queue,wait_here,42.318654471620526,,,,,15.0,48
360,69,24,queue,wait_here,43.68929537482903,,,,,16.0,48
361,71,25,queue,wait_here,46.21770908995924,,,,,17.0,48
362,73,26,queue,wait_here,47.634690344791494,,,,,18.0,48
363,67,8,resource_use,start_treatment,43.393050306182694,,,,1.0,1.0,49
364,27,9,queue,wait_here,23.334484295089815,,,,,1.0,49
365,32,10,queue,wait_here,26.79713900085743,,,,,2.0,49
366,34,11,queue,wait_here,29.260310326180576,,,,,3.0,49
367,36,12,queue,wait_here,29.56785683383303,,,,,4.0,49
368,38,13,queue,wait_here,29.751011368613412,,,,,5.0,49
369,40,14,queue,wait_here,30.381369772878198,,,,,6.0,49
370,42,15,queue,wait_here,32.183768323618516,,,,,7.0,49
371,47,16,queue,wait_here,33.009738983095495,,,,,8.0,49
372,49,17,queue,wait_here,33.45689172752014,,,,,9.0,49
373,51,18,queue,wait_here,37.13283225580906,,,,,10.0,49
374,53,19,queue,wait_here,39.58700398223758,,,,,11.0,49
375,58,20,queue,wait_here,40.89859629016358,,,,,12.0,49
376,60,21,queue,wait_here,41.80523566876011,,,,,13.0,49
377,62,22,queue,wait_here,41.95938996287142,,,,,14.0,49
378,64,23,queue,wait_here,42.318654471620526,,,,,15.0,49
379,69,24,queue,wait_here,43.68929537482903,,,,,16.0,49
380,71,25,queue,wait_here,46.21770908995924,,,,,17.0,49
381,73,26,queue,wait_here,47.634690344791494,,,,,18.0,49
382,75,27,queue,wait_here,48.11055025338753,,,,,19.0,49
383,67,8,resource_use,start_treatment,43.393050306182694,,,,1.0,1.0,50
384,27,9,queue,wait_here,23.334484295089815,,,,,1.0,50
385,32,10,queue,wait_here,26.79713900085743,,,,,2.0,50
386,34,11,queue,wait_here,29.260310326180576,,,,,3.0,50
387,36,12,queue,wait_here,29.56785683383303,,,,,4.0,50
388,38,13,queue,wait_here,29.751011368613412,,,,,5.0,50
389,40,14,queue,wait_here,30.381369772878198,,,,,6.0,50
390,42,15,queue,wait_here,32.183768323618516,,,,,7.0,50
391,47,16,queue,wait_here,33.009738983095495,,,,,8.0,50
392,49,17,queue,wait_here,33.45689172752014,,,,,9.0,50
393,51,18,queue,wait_here,37.13283225580906,,,,,10.0,50
394,53,19,queue,wait_here,39.58700398223758,,,,,11.0,50
395,58,20,queue,wait_here,40.89859629016358,,,,,12.0,50
396,60,21,queue,wait_here,41.80523566876011,,,,,13.0,50
397,62,22,queue,wait_here,41.95938996287142,,,,,14.0,50
398,64,23,queue,wait_here,42.318654471620526,,,,,15.0,50
399,69,24,queue,wait_here,43.68929537482903,,,,,16.0,50
400,71,25,queue,wait_here,46.21770908995924,,,,,17.0,50
401,73,26,queue,wait_here,47.634690344791494,,,,,18.0,50
402,75,27,queue,wait_here,48.11055025338753,,,,,19.0,50
403,77,28,queue,wait_here,49.03272692590247,,,,,20.0,50
404,67,8,resource_use,start_treatment,43.393050306182694,,,,1.0,1.0,51
405,27,9,queue,wait_here,23.334484295089815,,,,,1.0,51
406,32,10,queue,wait_here,26.79713900085743,,,,,2.0,51
407,34,11,queue,wait_here,29.260310326180576,,,,,3.0,51
408,36,12,queue,wait_here,29.56785683383303,,,,,4.0,51
409,38,13,queue,wait_here,29.751011368613412,,,,,5.0,51
410,40,14,queue,wait_here,30.381369772878198,,,,,6.0,51
411,42,15,queue,wait_here,32.183768323618516,,,,,7.0,51
412,47,16,queue,wait_here,33.009738983095495,,,,,8.0,51
413,49,17,queue,wait_here,33.45689172752014,,,,,9.0,51
414,51,18,queue,wait_here,37.13283225580906,,,,,10.0,51
415,53,19,queue,wait_here,39.58700398223758,,,,,11.0,51
416,58,20,queue,wait_here,40.89859629016358,,,,,12.0,51
417,60,21,queue,wait_here,41.80523566876011,,,,,13.0,51
418,62,22,queue,wait_here,41.95938996287142,,,,,14.0,51
419,64,23,queue,wait_here,42.318654471620526,,,,,15.0,51
420,69,24,queue,wait_here,43.68929537482903,,,,,16.0,51
421,71,25,queue,wait_here,46.21770908995924,,,,,17.0,51
422,73,26,queue,wait_here,47.634690344791494,,,,,18.0,51
423,75,27,queue,wait_here,48.11055025338753,,,,,19.0,51
424,77,28,queue,wait_here,49.03272692590247,,,,,20.0,51
425,79,29,queue,wait_here,50.3158404002835,,,,,21.0,51
426,67,8,resource_use,depart,43.393050306182694,,,,1.0,1.0,52
427,84,9,resource_use,start_treatment,51.09590970935305,,,,1.0,1.0,52
428,32,10,queue,wait_here,26.79713900085743,,,,,1.0,52
429,34,11,queue,wait_here,29.260310326180576,,,,,2.0,52
430,36,12,queue,wait_here,29.56785683383303,,,,,3.0,52
431,38,13,queue,wait_here,29.751011368613412,,,,,4.0,52
432,40,14,queue,wait_here,30.381369772878198,,,,,5.0,52
433,42,15,queue,wait_here,32.183768323618516,,,,,6.0,52
434,47,16,queue,wait_here,33.009738983095495,,,,,7.0,52
435,49,17,queue,wait_here,33.45689172752014,,,,,8.0,52
436,51,18,queue,wait_here,37.13283225580906,,,,,9.0,52
437,53,19,queue,wait_here,39.58700398223758,,,,,10.0,52
438,58,20,queue,wait_here,40.89859629016358,,,,,11.0,52
439,60,21,queue,wait_here,41.80523566876011,,,,,12.0,52
440,62,22,queue,wait_here,41.95938996287142,,,,,13.0,52
441,64,23,queue,wait_here,42.318654471620526,,,,,14.0,52
442,69,24,queue,wait_here,43.68929537482903,,,,,15.0,52
443,71,25,queue,wait_here,46.21770908995924,,,,,16.0,52
444,73,26,queue,wait_here,47.634690344791494,,,,,17.0,52
445,75,27,queue,wait_here,48.11055025338753,,,,,18.0,52
446,77,28,queue,wait_here,49.03272692590247,,,,,19.0,52
447,79,29,queue,wait_here,50.3158404002835,,,,,20.0,52
448,81,30,queue,wait_here,51.00350712315908,,,,,21.0,52
449,86,31,queue,wait_here,51.647329564971706,,,,,22.0,52
450,84,9,resource_use,start_treatment,51.09590970935305,,,,1.0,1.0,53
451,32,10,queue,wait_here,26.79713900085743,,,,,1.0,53
452,34,11,queue,wait_here,29.260310326180576,,,,,2.0,53
453,36,12,queue,wait_here,29.56785683383303,,,,,3.0,53
454,38,13,queue,wait_here,29.751011368613412,,,,,4.0,53
455,40,14,queue,wait_here,30.381369772878198,,,,,5.0,53
456,42,15,queue,wait_here,32.183768323618516,,,,,6.0,53
457,47,16,queue,wait_here,33.009738983095495,,,,,7.0,53
458,49,17,queue,wait_here,33.45689172752014,,,,,8.0,53
459,51,18,queue,wait_here,37.13283225580906,,,,,9.0,53
460,53,19,queue,wait_here,39.58700398223758,,,,,10.0,53
461,58,20,queue,wait_here,40.89859629016358,,,,,11.0,53
462,60,21,queue,wait_here,41.80523566876011,,,,,12.0,53
463,62,22,queue,wait_here,41.95938996287142,,,,,13.0,53
464,64,23,queue,wait_here,42.318654471620526,,,,,14.0,53
465,69,24,queue,wait_here,43.68929537482903,,,,,15.0,53
466,71,25,queue,wait_here,46.21770908995924,,,,,16.0,53
467,73,26,queue,wait_here,47.634690344791494,,,,,17.0,53
468,75,27,queue,wait_here,48.11055025338753,,,,,18.0,53
469,77,28,queue,wait_here,49.03272692590247,,,,,19.0,53
470,79,29,queue,wait_here,50.3158404002835,,,,,20.0,53
471,81,30,queue,wait_here,51.00350712315908,,,,,21.0,53
472,86,31,queue,wait_here,51.647329564971706,,,,,22.0,53
473,88,32,queue,wait_here,52.241223982829304,,,,,23.0,53
474,84,9,resource_use,start_treatment,51.09590970935305,,,,1.0,1.0,54
475,32,10,queue,wait_here,26.79713900085743,,,,,1.0,54
476,34,11,queue,wait_here,29.260310326180576,,,,,2.0,54
477,36,12,queue,wait_here,29.56785683383303,,,,,3.0,54
478,38,13,queue,wait_here,29.751011368613412,,,,,4.0,54
479,40,14,queue,wait_here,30.381369772878198,,,,,5.0,54
480,42,15,queue,wait_here,32.183768323618516,,,,,6.0,54
481,47,16,queue,wait_here,33.009738983095495,,,,,7.0,54
482,49,17,queue,wait_here,33.45689172752014,,,,,8.0,54
483,51,18,queue,wait_here,37.13283225580906,,,,,9.0,54
484,53,19,queue,wait_here,39.58700398223758,,,,,10.0,54
485,58,20,queue,wait_here,40.89859629016358,,,,,11.0,54
486,60,21,queue,wait_here,41.80523566876011,,,,,12.0,54
487,62,22,queue,wait_here,41.95938996287142,,,,,13.0,54
488,64,23,queue,wait_here,42.318654471620526,,,,,14.0,54
489,69,24,queue,wait_here,43.68929537482903,,,,,15.0,54
490,71,25,queue,wait_here,46.21770908995924,,,,,16.0,54
491,73,26,queue,wait_here,47.634690344791494,,,,,17.0,54
492,75,27,queue,wait_here,48.11055025338753,,,,,18.0,54
493,77,28,queue,wait_here,49.03272692590247,,,,,19.0,54
494,79,29,queue,wait_here,50.3158404002835,,,,,20.0,54
495,81,30,queue,wait_here,51.00350712315908,,,,,21.0,54
496,86,31,queue,wait_here,51.647329564971706,,,,,22.0,54
497,88,32,queue,wait_here,52.241223982829304,,,,,23.0,54
498,84,9,resource_use,depart,51.09590970935305,,,,1.0,1.0,55
499,91,10,resource_use,start_treatment,54.13809385081101,,,,1.0,1.0,55
500,34,11,queue,wait_here,29.260310326180576,,,,,1.0,55
501,36,12,queue,wait_here,29.56785683383303,,,,,2.0,55
502,38,13,queue,wait_here,29.751011368613412,,,,,3.0,55
503,40,14,queue,wait_here,30.381369772878198,,,,,4.0,55
504,42,15,queue,wait_here,32.183768323618516,,,,,5.0,55
505,47,16,queue,wait_here,33.009738983095495,,,,,6.0,55
506,49,17,queue,wait_here,33.45689172752014,,,,,7.0,55
507,51,18,queue,wait_here,37.13283225580906,,,,,8.0,55
508,53,19,queue,wait_here,39.58700398223758,,,,,9.0,55
509,58,20,queue,wait_here,40.89859629016358,,,,,10.0,55
510,60,21,queue,wait_here,41.80523566876011,,,,,11.0,55
511,62,22,queue,wait_here,41.95938996287142,,,,,12.0,55
512,64,23,queue,wait_here,42.318654471620526,,,,,13.0,55
513,69,24,queue,wait_here,43.68929537482903,,,,,14.0,55
514,71,25,queue,wait_here,46.21770908995924,,,,,15.0,55
515,73,26,queue,wait_here,47.634690344791494,,,,,16.0,55
516,75,27,queue,wait_here,48.11055025338753,,,,,17.0,55
517,77,28,queue,wait_here,49.03272692590247,,,,,18.0,55
518,79,29,queue,wait_here,50.3158404002835,,,,,19.0,55
519,81,30,queue,wait_here,51.00350712315908,,,,,20.0,55
520,86,31,queue,wait_here,51.647329564971706,,,,,21.0,55
521,88,32,queue,wait_here,52.241223982829304,,,,,22.0,55
522,93,33,queue,wait_here,54.90862883289307,,,,,23.0,55
523,91,10,resource_use,start_treatment,54.13809385081101,,,,1.0,1.0,56
524,34,11,queue,wait_here,29.260310326180576,,,,,1.0,56
525,36,12,queue,wait_here,29.56785683383303,,,,,2.0,56
526,38,13,queue,wait_here,29.751011368613412,,,,,3.0,56
527,40,14,queue,wait_here,30.381369772878198,,,,,4.0,56
528,42,15,queue,wait_here,32.183768323618516,,,,,5.0,56
529,47,16,queue,wait_here,33.009738983095495,,,,,6.0,56
530,49,17,queue,wait_here,33.45689172752014,,,,,7.0,56
531,51,18,queue,wait_here,37.13283225580906,,,,,8.0,56
532,53,19,queue,wait_here,39.58700398223758,,,,,9.0,56
533,58,20,queue,wait_here,40.89859629016358,,,,,10.0,56
534,60,21,queue,wait_here,41.80523566876011,,,,,11.0,56
535,62,22,queue,wait_here,41.95938996287142,,,,,12.0,56
536,64,23,queue,wait_here,42.318654471620526,,,,,13.0,56
537,69,24,queue,wait_here,43.68929537482903,,,,,14.0,56
538,71,25,queue,wait_here,46.21770908995924,,,,,15.0,56
539,73,26,queue,wait_here,47.634690344791494,,,,,16.0,56
540,75,27,queue,wait_here,48.11055025338753,,,,,17.0,56
541,77,28,queue,wait_here,49.03272692590247,,,,,18.0,56
542,79,29,queue,wait_here,50.3158404002835,,,,,19.0,56
543,81,30,queue,wait_here,51.00350712315908,,,,,20.0,56
544,86,31,queue,wait_here,51.647329564971706,,,,,21.0,56
545,88,32,queue,wait_here,52.241223982829304,,,,,22.0,56
546,93,33,queue,wait_here,54.90862883289307,,,,,23.0,56
547,91,10,resource_use,start_treatment,54.13809385081101,,,,1.0,1.0,57
548,34,11,queue,wait_here,29.260310326180576,,,,,1.0,57
549,36,12,queue,wait_here,29.56785683383303,,,,,2.0,57
550,38,13,queue,wait_here,29.751011368613412,,,,,3.0,57
551,40,14,queue,wait_here,30.381369772878198,,,,,4.0,57
552,42,15,queue,wait_here,32.183768323618516,,,,,5.0,57
553,47,16,queue,wait_here,33.009738983095495,,,,,6.0,57
554,49,17,queue,wait_here,33.45689172752014,,,,,7.0,57
555,51,18,queue,wait_here,37.13283225580906,,,,,8.0,57
556,53,19,queue,wait_here,39.58700398223758,,,,,9.0,57
557,58,20,queue,wait_here,40.89859629016358,,,,,10.0,57
558,60,21,queue,wait_here,41.80523566876011,,,,,11.0,57
559,62,22,queue,wait_here,41.95938996287142,,,,,12.0,57
560,64,23,queue,wait_here,42.318654471620526,,,,,13.0,57
561,69,24,queue,wait_here,43.68929537482903,,,,,14.0,57
562,71,25,queue,wait_here,46.21770908995924,,,,,15.0,57
563,73,26,queue,wait_here,47.634690344791494,,,,,16.0,57
564,75,27,queue,wait_here,48.11055025338753,,,,,17.0,57
565,77,28,queue,wait_here,49.03272692590247,,,,,18.0,57
566,79,29,queue,wait_here,50.3158404002835,,,,,19.0,57
567,81,30,queue,wait_here,51.00350712315908,,,,,20.0,57
568,86,31,queue,wait_here,51.647329564971706,,,,,21.0,57
569,88,32,queue,wait_here,52.241223982829304,,,,,22.0,57
570,93,33,queue,wait_here,54.90862883289307,,,,,23.0,57
571,91,10,resource_use,start_treatment,54.13809385081101,,,,1.0,1.0,58
572,34,11,queue,wait_here,29.260310326180576,,,,,1.0,58
573,36,12,queue,wait_here,29.56785683383303,,,,,2.0,58
574,38,13,queue,wait_here,29.751011368613412,,,,,3.0,58
575,40,14,queue,wait_here,30.381369772878198,,,,,4.0,58
576,42,15,queue,wait_here,32.183768323618516,,,,,5.0,58
577,47,16,queue,wait_here,33.009738983095495,,,,,6.0,58
578,49,17,queue,wait_here,33.45689172752014,,,,,7.0,58
579,51,18,queue,wait_here,37.13283225580906,,,,,8.0,58
580,53,19,queue,wait_here,39.58700398223758,,,,,9.0,58
581,58,20,queue,wait_here,40.89859629016358,,,,,10.0,58
582,60,21,queue,wait_here,41.80523566876011,,,,,11.0,58
583,62,22,queue,wait_here,41.95938996287142,,,,,12.0,58
584,64,23,queue,wait_here,42.318654471620526,,,,,13.0,58
585,69,24,queue,wait_here,43.68929537482903,,,,,14.0,58
586,71,25,queue,wait_here,46.21770908995924,,,,,15.0,58
587,73,26,queue,wait_here,47.634690344791494,,,,,16.0,58
588,75,27,queue,wait_here,48.11055025338753,,,,,17.0,58
589,77,28,queue,wait_here,49.03272692590247,,,,,18.0,58
590,79,29,queue,wait_here,50.3158404002835,,,,,19.0,58
591,81,30,queue,wait_here,51.00350712315908,,,,,20.0,58
592,86,31,queue,wait_here,51.647329564971706,,,,,21.0,58
593,88,32,queue,wait_here,52.241223982829304,,,,,22.0,58
594,93,33,queue,wait_here,54.90862883289307,,,,,23.0,58
595,95,34,queue,wait_here,57.076794688823455,,,,,24.0,58
596,97,35,queue,wait_here,57.22285138478433,,,,,25.0,58
597,91,10,resource_use,start_treatment,54.13809385081101,,,,1.0,1.0,59
598,34,11,queue,wait_here,29.260310326180576,,,,,1.0,59
599,36,12,queue,wait_here,29.56785683383303,,,,,2.0,59
600,38,13,queue,wait_here,29.751011368613412,,,,,3.0,59
601,40,14,queue,wait_here,30.381369772878198,,,,,4.0,59
602,42,15,queue,wait_here,32.183768323618516,,,,,5.0,59
603,47,16,queue,wait_here,33.009738983095495,,,,,6.0,59
604,49,17,queue,wait_here,33.45689172752014,,,,,7.0,59
605,51,18,queue,wait_here,37.13283225580906,,,,,8.0,59
606,53,19,queue,wait_here,39.58700398223758,,,,,9.0,59
607,58,20,queue,wait_here,40.89859629016358,,,,,10.0,59
608,60,21,queue,wait_here,41.80523566876011,,,,,11.0,59
609,62,22,queue,wait_here,41.95938996287142,,,,,12.0,59
610,64,23,queue,wait_here,42.318654471620526,,,,,13.0,59
611,69,24,queue,wait_here,43.68929537482903,,,,,14.0,59
612,71,25,queue,wait_here,46.21770908995924,,,,,15.0,59
613,73,26,queue,wait_here,47.634690344791494,,,,,16.0,59
614,75,27,queue,wait_here,48.11055025338753,,,,,17.0,59
615,77,28,queue,wait_here,49.03272692590247,,,,,18.0,59
616,79,29,queue,wait_here,50.3158404002835,,,,,19.0,59
617,81,30,queue,wait_here,51.00350712315908,,,,,20.0,59
618,86,31,queue,wait_here,51.647329564971706,,,,,21.0,59
619,88,32,queue,wait_here,52.241223982829304,,,,,22.0,59
620,93,33,queue,wait_here,54.90862883289307,,,,,23.0,59
621,95,34,queue,wait_here,57.076794688823455,,,,,24.0,59
622,97,35,queue,wait_here,57.22285138478433,,,,,25.0,59
623,91,10,resource_use,start_treatment,54.13809385081101,,,,1.0,1.0,60
624,34,11,queue,wait_here,29.260310326180576,,,,,1.0,60
625,36,12,queue,wait_here,29.56785683383303,,,,,2.0,60
626,38,13,queue,wait_here,29.751011368613412,,,,,3.0,60
627,40,14,queue,wait_here,30.381369772878198,,,,,4.0,60
628,42,15,queue,wait_here,32.183768323618516,,,,,5.0,60
629,47,16,queue,wait_here,33.009738983095495,,,,,6.0,60
630,49,17,queue,wait_here,33.45689172752014,,,,,7.0,60
631,51,18,queue,wait_here,37.13283225580906,,,,,8.0,60
632,53,19,queue,wait_here,39.58700398223758,,,,,9.0,60
633,58,20,queue,wait_here,40.89859629016358,,,,,10.0,60
634,60,21,queue,wait_here,41.80523566876011,,,,,11.0,60
635,62,22,queue,wait_here,41.95938996287142,,,,,12.0,60
636,64,23,queue,wait_here,42.318654471620526,,,,,13.0,60
637,69,24,queue,wait_here,43.68929537482903,,,,,14.0,60
638,71,25,queue,wait_here,46.21770908995924,,,,,15.0,60
639,73,26,queue,wait_here,47.634690344791494,,,,,16.0,60
640,75,27,queue,wait_here,48.11055025338753,,,,,17.0,60
641,77,28,queue,wait_here,49.03272692590247,,,,,18.0,60
642,79,29,queue,wait_here,50.3158404002835,,,,,19.0,60
643,81,30,queue,wait_here,51.00350712315908,,,,,20.0,60
644,86,31,queue,wait_here,51.647329564971706,,,,,21.0,60
645,88,32,queue,wait_here,52.241223982829304,,,,,22.0,60
646,93,33,queue,wait_here,54.90862883289307,,,,,23.0,60
647,95,34,queue,wait_here,57.076794688823455,,,,,24.0,60
648,97,35,queue,wait_here,57.22285138478433,,,,,25.0,60
649,99,36,queue,wait_here,59.490986388229835,,,,,26.0,60
