,index,entity_id,event_type,event,time,pathway,run_number,timestamp,resource_id,rank,snapshot_time,x,y_final,label,resource,x_final,row,y,icon
0,26,8,queue,wait_here,16.332851109322654,,,,,1.0,17,150,150.0,Wait Here!,,150.0,0.0,,👩🏼‍🦳
1,36,10,queue,wait_here,18.97917696942618,,,,,1.0,19,150,150.0,Wait Here!,,150.0,0.0,,👩🏼‍🦱
2,86,20,queue,wait_here,33.333969265896734,,,,,1.0,34,150,150.0,Wait Here!,,150.0,0.0,,🙎🏼‍♂️
3,2,1,resource_use,depart,0.0,,,,1.0,1.0,5,150,5.0,Exit,,150.0,0.0,,🧔🏼
4,5,2,resource_use,depart,4.808417207931989,,,,2.0,1.0,13,150,5.0,Exit,,120.0,0.0,,👨🏿‍🦯
5,13,4,resource_use,depart,9.750814007077253,,,,4.0,1.0,18,150,5.0,Exit,,60.0,0.0,,🧑🏻
6,18,5,resource_use,depart,12.5707353955924,,,,5.0,2.0,18,150,5.0,Exit,,30.0,0.0,,👩🏿‍🦱
7,10,3,resource_use,depart,9.5779392076805,,,,3.0,1.0,20,150,5.0,Exit,,90.0,0.0,,👨🏻‍🦰
8,29,8,resource_use,depart,17.624208836652507,,,,5.0,1.0,21,150,5.0,Exit,,30.0,0.0,,👩🏼‍🦳
9,34,9,resource_use,depart,18.7960224346458,,,,4.0,2.0,21,150,5.0,Exit,,60.0,0.0,,👨🏿‍🦳
10,24,7,resource_use,depart,12.870196403555036,,,,2.0,1.0,22,150,5.0,Exit,,120.0,0.0,,👳🏽
11,21,6,resource_use,depart,12.72932378995942,,,,1.0,1.0,23,150,5.0,Exit,,150.0,0.0,,🤰
12,46,11,resource_use,depart,20.7815755201665,,,,4.0,1.0,25,150,5.0,Exit,,60.0,0.0,,🧍🏽‍♀️
13,39,10,resource_use,depart,19.358540372411305,,,,3.0,1.0,27,150,5.0,Exit,,90.0,0.0,,👩🏼‍🦱
14,60,13,resource_use,depart,26.952287948082674,,,,2.0,1.0,30,150,5.0,Exit,,120.0,0.0,,👩🏻‍🦰
15,63,14,resource_use,depart,28.263880256008676,,,,1.0,2.0,30,150,5.0,Exit,,150.0,0.0,,🧕🏿
16,53,12,resource_use,depart,23.276347419793748,,,,5.0,1.0,33,150,5.0,Exit,,30.0,0.0,,👨🏼‍🔬
17,76,17,resource_use,depart,30.307144615673955,,,,1.0,1.0,35,150,5.0,Exit,,150.0,0.0,,👨🏼‍🦱
18,79,18,resource_use,depart,31.724125870506207,,,,2.0,2.0,35,150,5.0,Exit,,120.0,0.0,,👷🏾
19,66,15,resource_use,depart,29.170519634605206,,,,4.0,1.0,37,150,5.0,Exit,,60.0,0.0,,👨🏼‍🦽
20,84,19,resource_use,depart,32.64630254302115,,,,5.0,1.0,38,150,5.0,Exit,,30.0,0.0,,👧🏿
21,69,16,resource_use,depart,29.529784143354313,,,,3.0,1.0,40,150,5.0,Exit,,90.0,0.0,,👴🏾
22,89,20,resource_use,depart,34.429368102264775,,,,2.0,1.0,42,150,5.0,Exit,,120.0,0.0,,🙎🏼‍♂️
23,99,22,resource_use,depart,37.75920348034559,,,,4.0,2.0,42,150,5.0,Exit,,60.0,0.0,,🧔🏾
24,94,21,resource_use,depart,35.09179863028182,,,,1.0,1.0,44,150,5.0,Exit,,150.0,0.0,,👩🏻‍🦲
25,113,24,resource_use,depart,42.19550433972148,,,,3.0,1.0,46,150,5.0,Exit,,90.0,0.0,,👨🏾‍🎓
26,118,25,resource_use,depart,44.439583642636336,,,,2.0,1.0,47,150,5.0,Exit,,120.0,0.0,,👨🏾‍🦲
27,121,26,resource_use,depart,45.0814560247084,,,,4.0,2.0,47,150,5.0,Exit,,60.0,0.0,,👨🏿‍🦰
28,106,23,resource_use,depart,39.92736933627597,,,,5.0,1.0,49,150,5.0,Exit,,30.0,0.0,,🧕🏻
29,124,27,resource_use,depart,45.79018305009132,,,,1.0,1.0,53,150,5.0,Exit,,150.0,0.0,,🙍🏼‍♂️
30,129,28,resource_use,depart,46.12489584232275,,,,3.0,1.0,55,150,5.0,Exit,,90.0,0.0,,🙋🏾‍♀️
31,145,30,resource_use,depart,54.684487787894085,,,,2.0,1.0,57,150,5.0,Exit,,120.0,0.0,,👨🏿‍🦽
32,2,1,resource_use,start_treatment,0.0,,,,1.0,1.0,0,150,75.0,Be Treated,n_cubicles,150.0,0.0,,🧔🏼
33,2,1,resource_use,start_treatment,0.0,,,,1.0,1.0,1,150,75.0,Be Treated,n_cubicles,150.0,0.0,,🧔🏼
34,2,1,resource_use,start_treatment,0.0,,,,1.0,1.0,2,150,75.0,Be Treated,n_cubicles,150.0,0.0,,🧔🏼
35,2,1,resource_use,start_treatment,0.0,,,,1.0,1.0,3,150,75.0,Be Treated,n_cubicles,150.0,0.0,,🧔🏼
36,2,1,resource_use,start_treatment,0.0,,,,1.0,1.0,4,150,75.0,Be Treated,n_cubicles,150.0,0.0,,🧔🏼
37,5,2,resource_use,start_treatment,4.808417207931989,,,,2.0,1.0,5,150,75.0,Be Treated,n_cubicles,120.0,0.0,,👨🏿‍🦯
38,5,2,resource_use,start_treatment,4.808417207931989,,,,2.0,1.0,6,150,75.0,Be Treated,n_cubicles,120.0,0.0,,👨🏿‍🦯
39,5,2,resource_use,start_treatment,4.808417207931989,,,,2.0,1.0,7,150,75.0,Be Treated,n_cubicles,120.0,0.0,,👨🏿‍🦯
40,5,2,resource_use,start_treatment,4.808417207931989,,,,2.0,1.0,8,150,75.0,Be Treated,n_cubicles,120.0,0.0,,👨🏿‍🦯
41,5,2,resource_use,start_treatment,4.808417207931989,,,,2.0,1.0,9,150,75.0,Be Treated,n_cubicles,120.0,0.0,,👨🏿‍🦯
42,5,2,resource_use,start_treatment,4.808417207931989,,,,2.0,1.0,10,150,75.0,Be Treated,n_cubicles,120.0,0.0,,👨🏿‍🦯
43,10,3,resource_use,start_treatment,9.5779392076805,,,,3.0,2.0,10,150,75.0,Be Treated,n_cubicles,90.0,0.0,,👨🏻‍🦰
44,13,4,resource_use,start_treatment,9.750814007077253,,,,4.0,3.0,10,150,75.0,Be Treated,n_cubicles,60.0,0.0,,🧑🏻
45,5,2,resource_use,start_treatment,4.808417207931989,,,,2.0,1.0,11,150,75.0,Be Treated,n_cubicles,120.0,0.0,,👨🏿‍🦯
46,10,3,resource_use,start_treatment,9.5779392076805,,,,3.0,2.0,11,150,75.0,Be Treated,n_cubicles,90.0,0.0,,👨🏻‍🦰
47,13,4,resource_use,start_treatment,9.750814007077253,,,,4.0,3.0,11,150,75.0,Be Treated,n_cubicles,60.0,0.0,,🧑🏻
48,5,2,resource_use,start_treatment,4.808417207931989,,,,2.0,1.0,12,150,75.0,Be Treated,n_cubicles,120.0,0.0,,👨🏿‍🦯
49,10,3,resource_use,start_treatment,9.5779392076805,,,,3.0,2.0,12,150,75.0,Be Treated,n_cubicles,90.0,0.0,,👨🏻‍🦰
50,13,4,resource_use,start_treatment,9.750814007077253,,,,4.0,3.0,12,150,75.0,Be Treated,n_cubicles,60.0,0.0,,🧑🏻
51,10,3,resource_use,start_treatment,9.5779392076805,,,,3.0,1.0,13,150,75.0,Be Treated,n_cubicles,90.0,0.0,,👨🏻‍🦰
52,13,4,resource_use,start_treatment,9.750814007077253,,,,4.0,2.0,13,150,75.0,Be Treated,n_cubicles,60.0,0.0,,🧑🏻
53,18,5,resource_use,start_treatment,12.5707353955924,,,,5.0,3.0,13,150,75.0,Be Treated,n_cubicles,30.0,0.0,,👩🏿‍🦱
54,21,6,resource_use,start_treatment,12.72932378995942,,,,1.0,4.0,13,150,75.0,Be Treated,n_cubicles,150.0,0.0,,🤰
55,24,7,resource_use,start_treatment,12.870196403555036,,,,2.0,5.0,13,150,75.0,Be Treated,n_cubicles,120.0,0.0,,👳🏽
56,10,3,resource_use,start_treatment,9.5779392076805,,,,3.0,1.0,14,150,75.0,Be Treated,n_cubicles,90.0,0.0,,👨🏻‍🦰
57,13,4,resource_use,start_treatment,9.750814007077253,,,,4.0,2.0,14,150,75.0,Be Treated,n_cubicles,60.0,0.0,,🧑🏻
58,18,5,resource_use,start_treatment,12.5707353955924,,,,5.0,3.0,14,150,75.0,Be Treated,n_cubicles,30.0,0.0,,👩🏿‍🦱
59,21,6,resource_use,start_treatment,12.72932378995942,,,,1.0,4.0,14,150,75.0,Be Treated,n_cubicles,150.0,0.0,,🤰
60,24,7,resource_use,start_treatment,12.870196403555036,,,,2.0,5.0,14,150,75.0,Be Treated,n_cubicles,120.0,0.0,,👳🏽
61,10,3,resource_use,start_treatment,9.5779392076805,,,,3.0,1.0,15,150,75.0,Be Treated,n_cubicles,90.0,0.0,,👨🏻‍🦰
62,13,4,resource_use,start_treatment,9.750814007077253,,,,4.0,2.0,15,150,75.0,Be Treated,n_cubicles,60.0,0.0,,🧑🏻
63,18,5,resource_use,start_treatment,12.5707353955924,,,,5.0,3.0,15,150,75.0,Be Treated,n_cubicles,30.0,0.0,,👩🏿‍🦱
64,21,6,resource_use,start_treatment,12.72932378995942,,,,1.0,4.0,15,150,75.0,Be Treated,n_cubicles,150.0,0.0,,🤰
65,24,7,resource_use,start_treatment,12.870196403555036,,,,2.0,5.0,15,150,75.0,Be Treated,n_cubicles,120.0,0.0,,👳🏽
66,10,3,resource_use,start_treatment,9.5779392076805,,,,3.0,1.0,16,150,75.0,Be Treated,n_cubicles,90.0,0.0,,👨🏻‍🦰
67,13,4,resource_use,start_treatment,9.750814007077253,,,,4.0,2.0,16,150,75.0,Be Treated,n_cubicles,60.0,0.0,,🧑🏻
68,18,5,resource_use,start_treatment,12.5707353955924,,,,5.0,3.0,16,150,75.0,Be Treated,n_cubicles,30.0,0.0,,👩🏿‍🦱
69,21,6,resource_use,start_treatment,12.72932378995942,,,,1.0,4.0,16,150,75.0,Be Treated,n_cubicles,150.0,0.0,,🤰
70,24,7,resource_use,start_treatment,12.870196403555036,,,,2.0,5.0,16,150,75.0,Be Treated,n_cubicles,120.0,0.0,,👳🏽
71,10,3,resource_use,start_treatment,9.5779392076805,,,,3.0,1.0,17,150,75.0,Be Treated,n_cubicles,90.0,0.0,,👨🏻‍🦰
72,13,4,resource_use,start_treatment,9.750814007077253,,,,4.0,2.0,17,150,75.0,Be Treated,n_cubicles,60.0,0.0,,🧑🏻
73,18,5,resource_use,start_treatment,12.5707353955924,,,,5.0,3.0,17,150,75.0,Be Treated,n_cubicles,30.0,0.0,,👩🏿‍🦱
74,21,6,resource_use,start_treatment,12.72932378995942,,,,1.0,4.0,17,150,75.0,Be Treated,n_cubicles,150.0,0.0,,🤰
75,24,7,resource_use,start_treatment,12.870196403555036,,,,2.0,5.0,17,150,75.0,Be Treated,n_cubicles,120.0,0.0,,👳🏽
76,10,3,resource_use,start_treatment,9.5779392076805,,,,3.0,1.0,18,150,75.0,Be Treated,n_cubicles,90.0,0.0,,👨🏻‍🦰
77,21,6,resource_use,start_treatment,12.72932378995942,,,,1.0,2.0,18,150,75.0,Be Treated,n_cubicles,150.0,0.0,,🤰
78,24,7,resource_use,start_treatment,12.870196403555036,,,,2.0,3.0,18,150,75.0,Be Treated,n_cubicles,120.0,0.0,,👳🏽
79,29,8,resource_use,start_treatment,17.624208836652507,,,,5.0,4.0,18,150,75.0,Be Treated,n_cubicles,30.0,0.0,,👩🏼‍🦳
80,10,3,resource_use,start_treatment,9.5779392076805,,,,3.0,1.0,19,150,75.0,Be Treated,n_cubicles,90.0,0.0,,👨🏻‍🦰
81,21,6,resource_use,start_treatment,12.72932378995942,,,,1.0,2.0,19,150,75.0,Be Treated,n_cubicles,150.0,0.0,,🤰
82,24,7,resource_use,start_treatment,12.870196403555036,,,,2.0,3.0,19,150,75.0,Be Treated,n_cubicles,120.0,0.0,,👳🏽
83,29,8,resource_use,start_treatment,17.624208836652507,,,,5.0,4.0,19,150,75.0,Be Treated,n_cubicles,30.0,0.0,,👩🏼‍🦳
84,34,9,resource_use,start_treatment,18.7960224346458,,,,4.0,5.0,19,150,75.0,Be Treated,n_cubicles,60.0,0.0,,👨🏿‍🦳
85,21,6,resource_use,start_treatment,12.72932378995942,,,,1.0,1.0,20,150,75.0,Be Treated,n_cubicles,150.0,0.0,,🤰
86,24,7,resource_use,start_treatment,12.870196403555036,,,,2.0,2.0,20,150,75.0,Be Treated,n_cubicles,120.0,0.0,,👳🏽
87,29,8,resource_use,start_treatment,17.624208836652507,,,,5.0,3.0,20,150,75.0,Be Treated,n_cubicles,30.0,0.0,,👩🏼‍🦳
88,34,9,resource_use,start_treatment,18.7960224346458,,,,4.0,4.0,20,150,75.0,Be Treated,n_cubicles,60.0,0.0,,👨🏿‍🦳
89,39,10,resource_use,start_treatment,19.358540372411305,,,,3.0,5.0,20,150,75.0,Be Treated,n_cubicles,90.0,0.0,,👩🏼‍🦱
90,21,6,resource_use,start_treatment,12.72932378995942,,,,1.0,1.0,21,150,75.0,Be Treated,n_cubicles,150.0,0.0,,🤰
91,24,7,resource_use,start_treatment,12.870196403555036,,,,2.0,2.0,21,150,75.0,Be Treated,n_cubicles,120.0,0.0,,👳🏽
92,39,10,resource_use,start_treatment,19.358540372411305,,,,3.0,3.0,21,150,75.0,Be Treated,n_cubicles,90.0,0.0,,👩🏼‍🦱
93,46,11,resource_use,start_treatment,20.7815755201665,,,,4.0,4.0,21,150,75.0,Be Treated,n_cubicles,60.0,0.0,,🧍🏽‍♀️
94,21,6,resource_use,start_treatment,12.72932378995942,,,,1.0,1.0,22,150,75.0,Be Treated,n_cubicles,150.0,0.0,,🤰
95,39,10,resource_use,start_treatment,19.358540372411305,,,,3.0,2.0,22,150,75.0,Be Treated,n_cubicles,90.0,0.0,,👩🏼‍🦱
96,46,11,resource_use,start_treatment,20.7815755201665,,,,4.0,3.0,22,150,75.0,Be Treated,n_cubicles,60.0,0.0,,🧍🏽‍♀️
97,39,10,resource_use,start_treatment,19.358540372411305,,,,3.0,1.0,23,150,75.0,Be Treated,n_cubicles,90.0,0.0,,👩🏼‍🦱
98,46,11,resource_use,start_treatment,20.7815755201665,,,,4.0,2.0,23,150,75.0,Be Treated,n_cubicles,60.0,0.0,,🧍🏽‍♀️
99,39,10,resource_use,start_treatment,19.358540372411305,,,,3.0,1.0,24,150,75.0,Be Treated,n_cubicles,90.0,0.0,,👩🏼‍🦱
100,46,11,resource_use,start_treatment,20.7815755201665,,,,4.0,2.0,24,150,75.0,Be Treated,n_cubicles,60.0,0.0,,🧍🏽‍♀️
101,53,12,resource_use,start_treatment,23.276347419793748,,,,5.0,3.0,24,150,75.0,Be Treated,n_cubicles,30.0,0.0,,👨🏼‍🔬
102,39,10,resource_use,start_treatment,19.358540372411305,,,,3.0,1.0,25,150,75.0,Be Treated,n_cubicles,90.0,0.0,,👩🏼‍🦱
103,53,12,resource_use,start_treatment,23.276347419793748,,,,5.0,2.0,25,150,75.0,Be Treated,n_cubicles,30.0,0.0,,👨🏼‍🔬
104,39,10,resource_use,start_treatment,19.358540372411305,,,,3.0,1.0,26,150,75.0,Be Treated,n_cubicles,90.0,0.0,,👩🏼‍🦱
105,53,12,resource_use,start_treatment,23.276347419793748,,,,5.0,2.0,26,150,75.0,Be Treated,n_cubicles,30.0,0.0,,👨🏼‍🔬
106,53,12,resource_use,start_treatment,23.276347419793748,,,,5.0,1.0,27,150,75.0,Be Treated,n_cubicles,30.0,0.0,,👨🏼‍🔬
107,60,13,resource_use,start_treatment,26.952287948082674,,,,2.0,2.0,27,150,75.0,Be Treated,n_cubicles,120.0,0.0,,👩🏻‍🦰
108,53,12,resource_use,start_treatment,23.276347419793748,,,,5.0,1.0,28,150,75.0,Be Treated,n_cubicles,30.0,0.0,,👨🏼‍🔬
109,60,13,resource_use,start_treatment,26.952287948082674,,,,2.0,2.0,28,150,75.0,Be Treated,n_cubicles,120.0,0.0,,👩🏻‍🦰
110,53,12,resource_use,start_treatment,23.276347419793748,,,,5.0,1.0,29,150,75.0,Be Treated,n_cubicles,30.0,0.0,,👨🏼‍🔬
111,60,13,resource_use,start_treatment,26.952287948082674,,,,2.0,2.0,29,150,75.0,Be Treated,n_cubicles,120.0,0.0,,👩🏻‍🦰
112,63,14,resource_use,start_treatment,28.263880256008676,,,,1.0,3.0,29,150,75.0,Be Treated,n_cubicles,150.0,0.0,,🧕🏿
113,53,12,resource_use,start_treatment,23.276347419793748,,,,5.0,1.0,30,150,75.0,Be Treated,n_cubicles,30.0,0.0,,👨🏼‍🔬
114,66,15,resource_use,start_treatment,29.170519634605206,,,,4.0,2.0,30,150,75.0,Be Treated,n_cubicles,60.0,0.0,,👨🏼‍🦽
115,69,16,resource_use,start_treatment,29.529784143354313,,,,3.0,3.0,30,150,75.0,Be Treated,n_cubicles,90.0,0.0,,👴🏾
116,53,12,resource_use,start_treatment,23.276347419793748,,,,5.0,1.0,31,150,75.0,Be Treated,n_cubicles,30.0,0.0,,👨🏼‍🔬
117,66,15,resource_use,start_treatment,29.170519634605206,,,,4.0,2.0,31,150,75.0,Be Treated,n_cubicles,60.0,0.0,,👨🏼‍🦽
118,69,16,resource_use,start_treatment,29.529784143354313,,,,3.0,3.0,31,150,75.0,Be Treated,n_cubicles,90.0,0.0,,👴🏾
119,76,17,resource_use,start_treatment,30.307144615673955,,,,1.0,4.0,31,150,75.0,Be Treated,n_cubicles,150.0,0.0,,👨🏼‍🦱
120,53,12,resource_use,start_treatment,23.276347419793748,,,,5.0,1.0,32,150,75.0,Be Treated,n_cubicles,30.0,0.0,,👨🏼‍🔬
121,66,15,resource_use,start_treatment,29.170519634605206,,,,4.0,2.0,32,150,75.0,Be Treated,n_cubicles,60.0,0.0,,👨🏼‍🦽
122,69,16,resource_use,start_treatment,29.529784143354313,,,,3.0,3.0,32,150,75.0,Be Treated,n_cubicles,90.0,0.0,,👴🏾
123,76,17,resource_use,start_treatment,30.307144615673955,,,,1.0,4.0,32,150,75.0,Be Treated,n_cubicles,150.0,0.0,,👨🏼‍🦱
124,79,18,resource_use,start_treatment,31.724125870506207,,,,2.0,5.0,32,150,75.0,Be Treated,n_cubicles,120.0,0.0,,👷🏾
125,66,15,resource_use,start_treatment,29.170519634605206,,,,4.0,1.0,33,150,75.0,Be Treated,n_cubicles,60.0,0.0,,👨🏼‍🦽
126,69,16,resource_use,start_treatment,29.529784143354313,,,,3.0,2.0,33,150,75.0,Be Treated,n_cubicles,90.0,0.0,,👴🏾
127,76,17,resource_use,start_treatment,30.307144615673955,,,,1.0,3.0,33,150,75.0,Be Treated,n_cubicles,150.0,0.0,,👨🏼‍🦱
128,79,18,resource_use,start_treatment,31.724125870506207,,,,2.0,4.0,33,150,75.0,Be Treated,n_cubicles,120.0,0.0,,👷🏾
129,84,19,resource_use,start_treatment,32.64630254302115,,,,5.0,5.0,33,150,75.0,Be Treated,n_cubicles,30.0,0.0,,👧🏿
130,66,15,resource_use,start_treatment,29.170519634605206,,,,4.0,1.0,34,150,75.0,Be Treated,n_cubicles,60.0,0.0,,👨🏼‍🦽
131,69,16,resource_use,start_treatment,29.529784143354313,,,,3.0,2.0,34,150,75.0,Be Treated,n_cubicles,90.0,0.0,,👴🏾
132,76,17,resource_use,start_treatment,30.307144615673955,,,,1.0,3.0,34,150,75.0,Be Treated,n_cubicles,150.0,0.0,,👨🏼‍🦱
133,79,18,resource_use,start_treatment,31.724125870506207,,,,2.0,4.0,34,150,75.0,Be Treated,n_cubicles,120.0,0.0,,👷🏾
134,84,19,resource_use,start_treatment,32.64630254302115,,,,5.0,5.0,34,150,75.0,Be Treated,n_cubicles,30.0,0.0,,👧🏿
135,66,15,resource_use,start_treatment,29.170519634605206,,,,4.0,1.0,35,150,75.0,Be Treated,n_cubicles,60.0,0.0,,👨🏼‍🦽
136,69,16,resource_use,start_treatment,29.529784143354313,,,,3.0,2.0,35,150,75.0,Be Treated,n_cubicles,90.0,0.0,,👴🏾
137,84,19,resource_use,start_treatment,32.64630254302115,,,,5.0,3.0,35,150,75.0,Be Treated,n_cubicles,30.0,0.0,,👧🏿
138,89,20,resource_use,start_treatment,34.429368102264775,,,,2.0,4.0,35,150,75.0,Be Treated,n_cubicles,120.0,0.0,,🙎🏼‍♂️
139,66,15,resource_use,start_treatment,29.170519634605206,,,,4.0,1.0,36,150,75.0,Be Treated,n_cubicles,60.0,0.0,,👨🏼‍🦽
140,69,16,resource_use,start_treatment,29.529784143354313,,,,3.0,2.0,36,150,75.0,Be Treated,n_cubicles,90.0,0.0,,👴🏾
141,84,19,resource_use,start_treatment,32.64630254302115,,,,5.0,3.0,36,150,75.0,Be Treated,n_cubicles,30.0,0.0,,👧🏿
142,89,20,resource_use,start_treatment,34.429368102264775,,,,2.0,4.0,36,150,75.0,Be Treated,n_cubicles,120.0,0.0,,🙎🏼‍♂️
143,94,21,resource_use,start_treatment,35.09179863028182,,,,1.0,5.0,36,150,75.0,Be Treated,n_cubicles,150.0,0.0,,👩🏻‍🦲
144,69,16,resource_use,start_treatment,29.529784143354313,,,,3.0,1.0,37,150,75.0,Be Treated,n_cubicles,90.0,0.0,,👴🏾
145,84,19,resource_use,start_treatment,32.64630254302115,,,,5.0,2.0,37,150,75.0,Be Treated,n_cubicles,30.0,0.0,,👧🏿
146,89,20,resource_use,start_treatment,34.429368102264775,,,,2.0,3.0,37,150,75.0,Be Treated,n_cubicles,120.0,0.0,,🙎🏼‍♂️
147,94,21,resource_use,start_treatment,35.09179863028182,,,,1.0,4.0,37,150,75.0,Be Treated,n_cubicles,150.0,0.0,,👩🏻‍🦲
148,69,16,resource_use,start_treatment,29.529784143354313,,,,3.0,1.0,38,150,75.0,Be Treated,n_cubicles,90.0,0.0,,👴🏾
149,89,20,resource_use,start_treatment,34.429368102264775,,,,2.0,2.0,38,150,75.0,Be Treated,n_cubicles,120.0,0.0,,🙎🏼‍♂️
150,94,21,resource_use,start_treatment,35.09179863028182,,,,1.0,3.0,38,150,75.0,Be Treated,n_cubicles,150.0,0.0,,👩🏻‍🦲
151,99,22,resource_use,start_treatment,37.75920348034559,,,,4.0,4.0,38,150,75.0,Be Treated,n_cubicles,60.0,0.0,,🧔🏾
152,69,16,resource_use,start_treatment,29.529784143354313,,,,3.0,1.0,39,150,75.0,Be Treated,n_cubicles,90.0,0.0,,👴🏾
153,89,20,resource_use,start_treatment,34.429368102264775,,,,2.0,2.0,39,150,75.0,Be Treated,n_cubicles,120.0,0.0,,🙎🏼‍♂️
154,94,21,resource_use,start_treatment,35.09179863028182,,,,1.0,3.0,39,150,75.0,Be Treated,n_cubicles,150.0,0.0,,👩🏻‍🦲
155,99,22,resource_use,start_treatment,37.75920348034559,,,,4.0,4.0,39,150,75.0,Be Treated,n_cubicles,60.0,0.0,,🧔🏾
156,89,20,resource_use,start_treatment,34.429368102264775,,,,2.0,1.0,40,150,75.0,Be Treated,n_cubicles,120.0,0.0,,🙎🏼‍♂️
157,94,21,resource_use,start_treatment,35.09179863028182,,,,1.0,2.0,40,150,75.0,Be Treated,n_cubicles,150.0,0.0,,👩🏻‍🦲
158,99,22,resource_use,start_treatment,37.75920348034559,,,,4.0,3.0,40,150,75.0,Be Treated,n_cubicles,60.0,0.0,,🧔🏾
159,106,23,resource_use,start_treatment,39.92736933627597,,,,5.0,4.0,40,150,75.0,Be Treated,n_cubicles,30.0,0.0,,🧕🏻
160,89,20,resource_use,start_treatment,34.429368102264775,,,,2.0,1.0,41,150,75.0,Be Treated,n_cubicles,120.0,0.0,,🙎🏼‍♂️
161,94,21,resource_use,start_treatment,35.09179863028182,,,,1.0,2.0,41,150,75.0,Be Treated,n_cubicles,150.0,0.0,,👩🏻‍🦲
162,99,22,resource_use,start_treatment,37.75920348034559,,,,4.0,3.0,41,150,75.0,Be Treated,n_cubicles,60.0,0.0,,🧔🏾
163,106,23,resource_use,start_treatment,39.92736933627597,,,,5.0,4.0,41,150,75.0,Be Treated,n_cubicles,30.0,0.0,,🧕🏻
164,94,21,resource_use,start_treatment,35.09179863028182,,,,1.0,1.0,42,150,75.0,Be Treated,n_cubicles,150.0,0.0,,👩🏻‍🦲
165,106,23,resource_use,start_treatment,39.92736933627597,,,,5.0,2.0,42,150,75.0,Be Treated,n_cubicles,30.0,0.0,,🧕🏻
166,94,21,resource_use,start_treatment,35.09179863028182,,,,1.0,1.0,43,150,75.0,Be Treated,n_cubicles,150.0,0.0,,👩🏻‍🦲
167,106,23,resource_use,start_treatment,39.92736933627597,,,,5.0,2.0,43,150,75.0,Be Treated,n_cubicles,30.0,0.0,,🧕🏻
168,113,24,resource_use,start_treatment,42.19550433972148,,,,3.0,3.0,43,150,75.0,Be Treated,n_cubicles,90.0,0.0,,👨🏾‍🎓
169,106,23,resource_use,start_treatment,39.92736933627597,,,,5.0,1.0,44,150,75.0,Be Treated,n_cubicles,30.0,0.0,,🧕🏻
170,113,24,resource_use,start_treatment,42.19550433972148,,,,3.0,2.0,44,150,75.0,Be Treated,n_cubicles,90.0,0.0,,👨🏾‍🎓
171,106,23,resource_use,start_treatment,39.92736933627597,,,,5.0,1.0,45,150,75.0,Be Treated,n_cubicles,30.0,0.0,,🧕🏻
172,113,24,resource_use,start_treatment,42.19550433972148,,,,3.0,2.0,45,150,75.0,Be Treated,n_cubicles,90.0,0.0,,👨🏾‍🎓
173,118,25,resource_use,start_treatment,44.439583642636336,,,,2.0,3.0,45,150,75.0,Be Treated,n_cubicles,120.0,0.0,,👨🏾‍🦲
174,106,23,resource_use,start_treatment,39.92736933627597,,,,5.0,1.0,46,150,75.0,Be Treated,n_cubicles,30.0,0.0,,🧕🏻
175,118,25,resource_use,start_treatment,44.439583642636336,,,,2.0,2.0,46,150,75.0,Be Treated,n_cubicles,120.0,0.0,,👨🏾‍🦲
176,121,26,resource_use,start_treatment,45.0814560247084,,,,4.0,3.0,46,150,75.0,Be Treated,n_cubicles,60.0,0.0,,👨🏿‍🦰
177,124,27,resource_use,start_treatment,45.79018305009132,,,,1.0,4.0,46,150,75.0,Be Treated,n_cubicles,150.0,0.0,,🙍🏼‍♂️
178,106,23,resource_use,start_treatment,39.92736933627597,,,,5.0,1.0,47,150,75.0,Be Treated,n_cubicles,30.0,0.0,,🧕🏻
179,124,27,resource_use,start_treatment,45.79018305009132,,,,1.0,2.0,47,150,75.0,Be Treated,n_cubicles,150.0,0.0,,🙍🏼‍♂️
180,129,28,resource_use,start_treatment,46.12489584232275,,,,3.0,3.0,47,150,75.0,Be Treated,n_cubicles,90.0,0.0,,🙋🏾‍♀️
181,106,23,resource_use,start_treatment,39.92736933627597,,,,5.0,1.0,48,150,75.0,Be Treated,n_cubicles,30.0,0.0,,🧕🏻
182,124,27,resource_use,start_treatment,45.79018305009132,,,,1.0,2.0,48,150,75.0,Be Treated,n_cubicles,150.0,0.0,,🙍🏼‍♂️
183,129,28,resource_use,start_treatment,46.12489584232275,,,,3.0,3.0,48,150,75.0,Be Treated,n_cubicles,90.0,0.0,,🙋🏾‍♀️
184,124,27,resource_use,start_treatment,45.79018305009132,,,,1.0,1.0,49,150,75.0,Be Treated,n_cubicles,150.0,0.0,,🙍🏼‍♂️
185,129,28,resource_use,start_treatment,46.12489584232275,,,,3.0,2.0,49,150,75.0,Be Treated,n_cubicles,90.0,0.0,,🙋🏾‍♀️
186,124,27,resource_use,start_treatment,45.79018305009132,,,,1.0,1.0,50,150,75.0,Be Treated,n_cubicles,150.0,0.0,,🙍🏼‍♂️
187,129,28,resource_use,start_treatment,46.12489584232275,,,,3.0,2.0,50,150,75.0,Be Treated,n_cubicles,90.0,0.0,,🙋🏾‍♀️
188,124,27,resource_use,start_treatment,45.79018305009132,,,,1.0,1.0,51,150,75.0,Be Treated,n_cubicles,150.0,0.0,,🙍🏼‍♂️
189,129,28,resource_use,start_treatment,46.12489584232275,,,,3.0,2.0,51,150,75.0,Be Treated,n_cubicles,90.0,0.0,,🙋🏾‍♀️
190,124,27,resource_use,start_treatment,45.79018305009132,,,,1.0,1.0,52,150,75.0,Be Treated,n_cubicles,150.0,0.0,,🙍🏼‍♂️
191,129,28,resource_use,start_treatment,46.12489584232275,,,,3.0,2.0,52,150,75.0,Be Treated,n_cubicles,90.0,0.0,,🙋🏾‍♀️
192,129,28,resource_use,start_treatment,46.12489584232275,,,,3.0,1.0,53,150,75.0,Be Treated,n_cubicles,90.0,0.0,,🙋🏾‍♀️
193,129,28,resource_use,start_treatment,46.12489584232275,,,,3.0,1.0,54,150,75.0,Be Treated,n_cubicles,90.0,0.0,,🙋🏾‍♀️
194,140,29,resource_use,start_treatment,54.11640838469243,,,,4.0,1.0,55,150,75.0,Be Treated,n_cubicles,60.0,0.0,,👩🏻‍🔧
195,145,30,resource_use,start_treatment,54.684487787894085,,,,2.0,2.0,55,150,75.0,Be Treated,n_cubicles,120.0,0.0,,👨🏿‍🦽
196,140,29,resource_use,start_treatment,54.11640838469243,,,,4.0,1.0,56,150,75.0,Be Treated,n_cubicles,60.0,0.0,,👩🏻‍🔧
197,145,30,resource_use,start_treatment,54.684487787894085,,,,2.0,2.0,56,150,75.0,Be Treated,n_cubicles,120.0,0.0,,👨🏿‍🦽
198,148,31,resource_use,start_treatment,55.40717223376391,,,,5.0,3.0,56,150,75.0,Be Treated,n_cubicles,30.0,0.0,,👩🏼‍🦳
199,140,29,resource_use,start_treatment,54.11640838469243,,,,4.0,1.0,57,150,75.0,Be Treated,n_cubicles,60.0,0.0,,👩🏻‍🔧
200,148,31,resource_use,start_treatment,55.40717223376391,,,,5.0,2.0,57,150,75.0,Be Treated,n_cubicles,30.0,0.0,,👩🏼‍🦳
201,140,29,resource_use,start_treatment,54.11640838469243,,,,4.0,1.0,58,150,75.0,Be Treated,n_cubicles,60.0,0.0,,👩🏻‍🔧
202,148,31,resource_use,start_treatment,55.40717223376391,,,,5.0,2.0,58,150,75.0,Be Treated,n_cubicles,30.0,0.0,,👩🏼‍🦳
203,153,32,resource_use,start_treatment,57.57382250350713,,,,1.0,3.0,58,150,75.0,Be Treated,n_cubicles,150.0,0.0,,👩🏼‍🦼
204,140,29,resource_use,start_treatment,54.11640838469243,,,,4.0,1.0,59,150,75.0,Be Treated,n_cubicles,60.0,0.0,,👩🏻‍🔧
205,148,31,resource_use,start_treatment,55.40717223376391,,,,5.0,2.0,59,150,75.0,Be Treated,n_cubicles,30.0,0.0,,👩🏼‍🦳
206,153,32,resource_use,start_treatment,57.57382250350713,,,,1.0,3.0,59,150,75.0,Be Treated,n_cubicles,150.0,0.0,,👩🏼‍🦼
207,140,29,resource_use,start_treatment,54.11640838469243,,,,4.0,1.0,60,150,75.0,Be Treated,n_cubicles,60.0,0.0,,👩🏻‍🔧
208,148,31,resource_use,start_treatment,55.40717223376391,,,,5.0,2.0,60,150,75.0,Be Treated,n_cubicles,30.0,0.0,,👩🏼‍🦳
209,153,32,resource_use,start_treatment,57.57382250350713,,,,1.0,3.0,60,150,75.0,Be Treated,n_cubicles,150.0,0.0,,👩🏼‍🦼
